engine,repo,file,class_or_function,provenance,tests,status
UnifiedOCR,omni-medical-suite,packages/omni_ocr/adapter.py:270,UnifiedOCR,yes,test_ocr.py+test_ocr_engine.py,active
MixedLanguageOCR,omni-medical-suite,packages/omni_ocr/mixed_engine.py:22,MixedLanguageOCR,no,none,active
OCREngine-5,omni-medical-suite,packages/vision/ocr_engine.py:29,OCREngine,partial,test_htr.py,active
SuryaOCREngine,omni-medical-suite,packages/vision/surya_ocr.py:27,SuryaOCREngine,no,none,active
PaddleOCREngine,omni-medical-suite,src/ocr/paddle_engine.py:53,PaddleOCREngine,no,none,active
EasyOCREngine,omni-medical-suite,src/ocr/easyocr_engine.py:32,EasyOCREngine,no,none,active
MedicalOCRProcessor,omni-medical-suite,packages/vision/medical_ocr.py:28,MedicalOCRProcessor,no,none,active
BatchMedicalOCR,omni-medical-suite,packages/vision/batch_ocr.py:19,BatchMedicalOCR,no,none,active
DualOCRVerifier,omni-medical-suite,packages/vision/dual_ocr_verifier.py:24,DualOCRVerifier,no,none,active
FineTunedTrOCR,omni-medical-suite,packages/vision/htr/trocr_finetuned.py:25,FineTunedTrOCR,no,test_htr.py,active
ArabicHTR,omni-medical-suite,packages/vision/htr/arabic_htr.py:56,HTRResult-family,no,none,active
EnsembleOCR,medical-ocr-trainer,ensemble_ocr.py:195+,(Paddle195,Easy269,Tesseract336,TrOCR~415,Surya),no,test_metrics.py-only,archived
EnsembleOCR-lite,medical-ocr-trainer-hf,ensemble_ocr.py,3-engines,no,NONE,active
TrOCR-eval,arabic-medical-ocr-baseline,eval_benchmark.py:272,TrOCRProcessor,no,none,archived
PaddleOCR-lite,medical-handwriting-ocr,app.py:27,PaddleOCR,no,tests-unreviewed,archived
OLMoCR+Xberg,omni-medical-suite,PR-135-not-merged,,,,pending
scanner-fixer,scanner-fixer,src/scanner_fixer/,pre-OCR-normalization,n/a,test_scanner_fixer.py,archived+merged-copy-in-omni
